id_student,code_module,code_presentation,date_unregistration,final_result
362907,BBB,2013J,0.0,Fail
365288,BBB,2013J,0.0,Fail
554243,BBB,2013J,166.0,Fail
2512349,BBB,2014B,,Withdrawn
271047,BBB,2014J,,Withdrawn
417978,BBB,2014J,,Withdrawn
636660,BBB,2014J,,Withdrawn
647876,BBB,2014J,,Withdrawn
652754,BBB,2014J,,Withdrawn
675671,BBB,2014J,,Withdrawn
682375,BBB,2014J,,Withdrawn
682538,BBB,2014J,,Withdrawn
683536,BBB,2014J,,Withdrawn
688600,BBB,2014J,,Withdrawn
690102,BBB,2014J,,Withdrawn
693934,BBB,2014J,,Withdrawn
698352,BBB,2014J,,Withdrawn
393094,CCC,2014J,,Withdrawn
482938,CCC,2014J,,Withdrawn
498225,CCC,2014J,,Withdrawn
500031,CCC,2014J,,Withdrawn
510846,CCC,2014J,,Withdrawn
512546,CCC,2014J,,Withdrawn
529309,CCC,2014J,,Withdrawn
542180,CCC,2014J,,Withdrawn
560399,CCC,2014J,,Withdrawn
575265,CCC,2014J,,Withdrawn
587547,CCC,2014J,,Withdrawn
594319,CCC,2014J,,Withdrawn
594627,CCC,2014J,,Withdrawn
601857,CCC,2014J,,Withdrawn
604379,CCC,2014J,,Withdrawn
606182,CCC,2014J,,Withdrawn
609044,CCC,2014J,,Withdrawn
632904,CCC,2014J,,Withdrawn
638040,CCC,2014J,,Withdrawn
642627,CCC,2014J,,Withdrawn
645867,CCC,2014J,,Withdrawn
648654,CCC,2014J,,Withdrawn
678382,CCC,2014J,,Withdrawn
685289,CCC,2014J,,Withdrawn
687348,CCC,2014J,,Withdrawn
688028,CCC,2014J,,Withdrawn
1307784,CCC,2014J,,Withdrawn
2504694,CCC,2014J,,Withdrawn
2155857,DDD,2013B,,Withdrawn
315082,DDD,2013J,0.0,Fail
403052,DDD,2013J,0.0,Fail
582954,DDD,2013J,-7.0,Fail
227826,DDD,2014B,,Withdrawn
364307,DDD,2014J,,Withdrawn
509998,DDD,2014J,,Withdrawn
557083,DDD,2014J,,Withdrawn
580838,DDD,2014J,,Withdrawn
610609,DDD,2014J,,Withdrawn
656009,DDD,2014J,,Withdrawn
676010,DDD,2014J,,Withdrawn
680293,DDD,2014J,,Withdrawn
681960,DDD,2014J,,Withdrawn
685069,DDD,2014J,,Withdrawn
687777,DDD,2014J,,Withdrawn
693161,DDD,2014J,,Withdrawn
694019,DDD,2014J,,Withdrawn
695799,DDD,2014J,,Withdrawn
1197062,DDD,2014J,,Withdrawn
1733160,DDD,2014J,,Withdrawn
649248,EEE,2014J,,Withdrawn
676025,EEE,2014J,,Withdrawn
677250,EEE,2014J,,Withdrawn
682673,EEE,2014J,,Withdrawn
234004,FFF,2013J,0.0,Fail
523777,FFF,2013J,0.0,Fail
601640,FFF,2013J,-4.0,Fail
607407,FFF,2013J,,Withdrawn
437529,FFF,2014B,,Withdrawn
64777,FFF,2014J,,Withdrawn
149964,FFF,2014J,,Withdrawn
197188,FFF,2014J,,Withdrawn
275127,FFF,2014J,,Withdrawn
561311,FFF,2014J,,Withdrawn
595262,FFF,2014J,,Withdrawn
627379,FFF,2014J,,Withdrawn
629394,FFF,2014J,,Withdrawn
629907,FFF,2014J,,Withdrawn
631772,FFF,2014J,,Withdrawn
632634,FFF,2014J,,Withdrawn
639993,FFF,2014J,,Withdrawn
646498,FFF,2014J,,Withdrawn
648576,FFF,2014J,,Withdrawn
648611,FFF,2014J,,Withdrawn
656622,FFF,2014J,,Withdrawn
674935,FFF,2014J,,Withdrawn
675613,FFF,2014J,,Withdrawn
680349,FFF,2014J,,Withdrawn
690137,FFF,2014J,,Withdrawn
694059,FFF,2014J,,Withdrawn
694715,FFF,2014J,,Withdrawn
2398260,FFF,2014J,,Withdrawn
2622634,FFF,2014J,,Withdrawn
590248,GGG,2013J,,Withdrawn
646891,GGG,2014J,,Withdrawn
685028,GGG,2014J,,Withdrawn
