corte,dias_sin_actividad,n_observable,inactivas,retiros_entre_inactivas,tasa_retiro_pct
7,7,29076,5841,1816,31.090566683787024
7,14,0,0,0,
7,28,0,0,0,
14,7,28054,5501,1389,25.249954553717508
14,14,28054,2722,728,26.745040411462163
14,28,0,0,0,
28,7,27515,5867,1284,21.885120163627068
28,14,27515,2689,573,21.309036816660466
28,28,27515,1250,269,21.52
42,7,27005,6957,1466,21.072301279287046
42,14,27005,3824,791,20.685146443514643
42,28,27005,1737,317,18.24985607369027
56,7,26506,6921,1384,19.997110244184366
56,14,26506,4051,871,21.50086398420143
56,28,26506,2262,433,19.14235190097259
