code_module,code_presentation,inscripciones,personas,retiros,evaluaciones_programadas,corte
AAA,2013J,373,373,52,0,7
AAA,2014J,351,351,53,0,7
BBB,2013B,1623,1623,366,0,7
BBB,2013J,1871,1871,286,0,7
BBB,2014B,1297,1297,181,0,7
BBB,2014J,1973,1973,441,0,7
CCC,2014B,1626,1626,589,0,7
CCC,2014J,2253,2253,808,0,7
DDD,2013B,1204,1204,339,0,7
DDD,2013J,1690,1690,439,0,7
DDD,2014B,1076,1076,340,0,7
DDD,2014J,1602,1602,432,0,7
EEE,2013J,948,948,140,0,7
EEE,2014B,616,616,96,0,7
EEE,2014J,1111,1111,228,0,7
FFF,2013B,1523,1523,322,0,7
FFF,2013J,2019,2019,413,0,7
FFF,2014B,1325,1325,288,0,7
FFF,2014J,2136,2136,604,0,7
GGG,2013J,927,927,40,0,7
GGG,2014B,806,806,73,0,7
GGG,2014J,726,726,102,0,7
AAA,2013J,370,370,49,0,14
AAA,2014J,350,350,51,0,14
BBB,2013B,1605,1605,346,0,14
BBB,2013J,1851,1851,263,0,14
BBB,2014B,1289,1289,169,1,14
BBB,2014J,1791,1791,250,0,14
CCC,2014B,1591,1591,553,0,14
CCC,2014J,2078,2078,632,0,14
DDD,2013B,1195,1195,327,0,14
DDD,2013J,1675,1675,424,0,14
DDD,2014B,1049,1049,313,0,14
DDD,2014J,1479,1479,307,0,14
EEE,2013J,932,932,124,0,14
EEE,2014B,613,613,92,0,14
EEE,2014J,1027,1027,143,0,14
FFF,2013B,1519,1519,318,0,14
FFF,2013J,1998,1998,391,0,14
FFF,2014B,1309,1309,272,0,14
FFF,2014J,1886,1886,353,0,14
GGG,2013J,926,926,39,0,14
GGG,2014B,802,802,69,0,14
GGG,2014J,719,719,95,0,14
AAA,2013J,369,369,47,1,28
AAA,2014J,348,348,49,1,28
BBB,2013B,1528,1528,268,1,28
BBB,2013J,1834,1834,245,1,28
BBB,2014B,1280,1280,158,1,28
BBB,2014J,1786,1786,231,1,28
CCC,2014B,1498,1498,460,1,28
CCC,2014J,2018,2018,570,1,28
DDD,2013B,1141,1141,273,2,28
DDD,2013J,1644,1644,391,1,28
DDD,2014B,1028,1028,291,1,28
DDD,2014J,1463,1463,291,1,28
EEE,2013J,926,926,117,0,28
EEE,2014B,605,605,84,0,28
EEE,2014J,1020,1020,135,0,28
FFF,2013B,1449,1449,247,1,28
FFF,2013J,1982,1982,375,1,28
FFF,2014B,1301,1301,263,1,28
FFF,2014J,1858,1858,325,1,28
GGG,2013J,924,924,37,0,28
GGG,2014B,796,796,63,0,28
GGG,2014J,717,717,92,0,28
AAA,2013J,366,366,44,1,42
AAA,2014J,344,344,45,1,42
BBB,2013B,1502,1502,242,1,42
BBB,2013J,1805,1805,215,1,42
BBB,2014B,1267,1267,145,2,42
BBB,2014J,1774,1774,219,1,42
CCC,2014B,1416,1416,378,2,42
CCC,2014J,1925,1925,477,2,42
DDD,2013B,1113,1113,245,2,42
DDD,2013J,1611,1611,358,1,42
DDD,2014B,998,998,261,1,42
DDD,2014J,1448,1448,276,2,42
EEE,2013J,911,911,102,1,42
EEE,2014B,600,600,79,1,42
EEE,2014J,1002,1002,117,1,42
FFF,2013B,1431,1431,229,1,42
FFF,2013J,1949,1949,342,1,42
FFF,2014B,1283,1283,244,1,42
FFF,2014J,1834,1834,301,1,42
GGG,2013J,921,921,34,0,42
GGG,2014B,793,793,60,0,42
GGG,2014J,712,712,87,0,42
AAA,2013J,365,365,42,2,56
AAA,2014J,342,342,43,2,56
BBB,2013B,1469,1469,209,3,56
BBB,2013J,1785,1785,195,3,56
BBB,2014B,1247,1247,125,3,56
BBB,2014J,1750,1750,194,2,56
CCC,2014B,1359,1359,321,2,56
CCC,2014J,1879,1879,431,2,56
DDD,2013B,1083,1083,214,4,56
DDD,2013J,1574,1574,321,2,56
DDD,2014B,970,970,233,2,56
DDD,2014J,1417,1417,245,2,56
EEE,2013J,905,905,96,1,56
EEE,2014B,586,586,65,1,56
EEE,2014J,997,997,112,1,56
FFF,2013B,1406,1406,204,2,56
FFF,2013J,1915,1915,308,2,56
FFF,2014B,1257,1257,218,2,56
FFF,2014J,1793,1793,260,2,56
GGG,2013J,919,919,32,0,56
GGG,2014B,790,790,57,0,56
GGG,2014J,698,698,73,0,56
