corte,condicion,presente,n,retiros,tasa_pct
7,sin_actividad,False,23760,4955,20.854377104377104
7,sin_actividad,True,5316,1677,31.546275395033863
7,sin_entregas,False,772,91,11.78756476683938
7,sin_entregas,True,28304,6541,23.109807801017524
7,sin_programadas,False,0,0,
7,sin_programadas,True,29076,6632,22.809189709726237
7,imd_ausente,False,28032,6460,23.045091324200914
7,imd_ausente,True,1044,172,16.47509578544061
7,entrega_sin_puntaje,False,29075,6631,22.806534823731727
7,entrega_sin_puntaje,True,1,1,100.0
14,sin_actividad,False,25503,4896,19.197741442183272
14,sin_actividad,True,2551,684,26.813014504116033
14,sin_entregas,False,3226,357,11.06633601983881
14,sin_entregas,True,24828,5223,21.036732721121314
14,sin_programadas,False,1289,169,13.110938712179983
14,sin_programadas,True,26765,5411,20.216700915374556
14,imd_ausente,False,27017,5416,20.046637302439205
14,imd_ausente,True,1037,164,15.814850530376084
14,entrega_sin_puntaje,False,28051,5578,19.885209083455134
14,entrega_sin_puntaje,True,3,2,66.66666666666666
28,sin_actividad,False,26312,4755,18.071602310732747
28,sin_actividad,True,1203,257,21.36325852036575
28,sin_entregas,False,19849,3462,17.44168471963323
28,sin_entregas,True,7666,1550,20.21914949126011
28,sin_programadas,False,22527,4484,19.905002885426377
28,sin_programadas,True,4988,528,10.585404971932638
28,imd_ausente,False,26488,4860,18.347931138628812
28,imd_ausente,True,1027,152,14.800389483933788
28,entrega_sin_puntaje,False,27509,5007,18.201315932967393
28,entrega_sin_puntaje,True,6,5,83.33333333333334
42,sin_actividad,False,26087,4337,16.625138958101736
42,sin_actividad,True,918,163,17.75599128540305
42,sin_entregas,False,22276,3598,16.151912372059616
42,sin_entregas,True,4729,902,19.07379995770776
42,sin_programadas,False,24579,4319,17.57191098091867
42,sin_programadas,True,2426,181,7.460840890354493
42,imd_ausente,False,25992,4362,16.78208679593721
42,imd_ausente,True,1013,138,13.622902270483712
42,entrega_sin_puntaje,False,26998,4497,16.6567893918068
42,entrega_sin_puntaje,True,7,3,42.857142857142854
56,sin_actividad,False,25741,3882,15.080999184180879
56,sin_actividad,True,765,116,15.163398692810457
56,sin_entregas,False,22812,3338,14.632649482728388
56,sin_entregas,True,3694,660,17.866811044937737
56,sin_programadas,False,24099,3836,15.917672932486827
56,sin_programadas,True,2407,162,6.730369754881595
56,imd_ausente,False,25509,3876,15.194637186875221
56,imd_ausente,True,997,122,12.236710130391174
56,entrega_sin_puntaje,False,26501,3996,15.078676276366929
56,entrega_sin_puntaje,True,5,2,40.0
