corte,variable,n,faltantes,media,q1,mediana,q3,ceros_pct,asimetria,curtosis_exceso
7,total_clics,29076,0,75.80943045810979,5.0,36.0,100.0,18.283120099050766,5.516238672966034,90.7579088131015
7,proporcion_dias_activos,29076,0,0.35763172375842617,0.125,0.25,0.625,18.283120099050766,0.5698818530654773,-0.6938093139104993
7,promedio_clics_por_dia_activo,23760,5316,23.024408269199938,9.25,17.666666666666668,30.0,0.0,4.232936773221293,65.42082573236056
7,coef_variacion_clics,23760,5316,1.85208151111145,1.2989889006847537,1.8273329584272462,2.52546810850321,0.0,0.04461104452496813,-1.134178949199951
7,dias_desde_ultima_interaccion,23760,5316,1.7774410774410774,0.0,1.0,3.0,36.08585858585859,0.9548529273387936,-0.03268629615741103
7,recencia_relativa,23760,5316,0.22218013468013467,0.0,0.125,0.375,36.08585858585859,0.9548529273387936,-0.03268629615741103
7,clics_ultimos_7d,29076,0,66.74893382858716,4.0,31.0,88.0,20.08873297565002,6.1346438609692235,125.22709638900028
7,log_ratio_7d,0,29076,,,,,,,
7,log_ratio_14d,0,29076,,,,,,,
7,n_evaluaciones_entregadas,29076,0,0.02919933966157656,0.0,0.0,0.0,97.34488925574357,7.344403349408058,65.39368624243188
7,proporcion_programadas_entregadas,0,29076,,,,,,,
14,total_clics,28054,0,141.5581378769516,23.0,80.0,189.0,9.093177443501817,3.8699304908610226,32.70251191806918
14,proporcion_dias_activos,28054,0,0.3631781564126328,0.13333333333333333,0.3333333333333333,0.5333333333333333,9.093177443501817,0.5780599548864385,-0.5706928742467583
14,promedio_clics_por_dia_activo,25503,2551,22.53311506749926,10.4,18.0,29.444444444444443,0.0,3.2470763954592856,30.19522012550378
14,coef_variacion_clics,25503,2551,2.1542661301386814,1.4522429938859864,2.0010234862415164,2.709989920390856,0.0,0.48880834413078467,-0.6821849959251693
14,dias_desde_ultima_interaccion,25503,2551,2.5626396894483,0.0,1.0,4.0,33.94894718268439,1.6085967181335386,2.049443719458514
14,recencia_relativa,25503,2551,0.17084264596322002,0.0,0.06666666666666667,0.26666666666666666,33.94894718268439,1.6085967181335386,2.049443719458513
14,clics_ultimos_7d,28054,0,64.15445212803878,4.0,30.0,86.0,19.608611962643472,3.348095094292877,19.537995534944212
14,log_ratio_7d,25332,2722,-0.06428313657813065,-1.0886491520564192,-0.12347925164235307,0.8823891801984737,0.9355755566082427,0.15226525760286672,0.5343002561248102
14,log_ratio_14d,0,28054,,,,,,,
14,n_evaluaciones_entregadas,28054,0,0.1243316461110715,0.0,0.0,0.0,88.5007485563556,3.1319094819596263,11.32693707674746
14,proporcion_programadas_entregadas,1289,26765,0.8122575640031032,1.0,1.0,1.0,18.774243599689683,-1.601108266636248,0.5644210234715388
28,total_clics,27515,0,282.2564055969471,68.0,179.0,376.0,4.372160639651099,3.44428413158068,23.470483478604308
28,proporcion_dias_activos,27515,0,0.3777400414820756,0.1724137931034483,0.3448275862068966,0.5517241379310345,4.372160639651099,0.5278730854904142,-0.5693469218054914
28,promedio_clics_por_dia_activo,26312,1203,22.482940267587157,12.0,19.0,29.136755485893417,0.0,2.2326036305736694,12.19463550558823
28,coef_variacion_clics,26312,1203,2.3953566233763395,1.5598761658910447,2.160965646116216,2.9858499424088807,0.0,0.9461326017470472,0.43907517328220713
28,dias_desde_ultima_interaccion,26312,1203,3.640506232897537,0.0,2.0,5.0,30.37777439951353,2.2384128323255386,5.3725760835442475
28,recencia_relativa,26312,1203,0.12553469768612197,0.0,0.06896551724137931,0.1724137931034483,30.37777439951353,2.2384128323255377,5.3725760835442475
28,clics_ultimos_7d,27515,0,58.563619843721604,2.0,25.0,77.0,21.32291477375977,4.149794561604505,37.059470036519095
28,log_ratio_7d,24826,2689,-0.5080771586510674,-1.5712166996139025,-0.4401793613240459,0.5276327420823719,0.902279867880448,0.04806217494410248,0.4448308526244653
28,log_ratio_14d,26265,1250,0.06418518509668371,-0.7245633767933243,0.011834457647002798,0.7977721316388177,0.5444507900247477,0.22309225024935364,1.5643065665666418
28,n_evaluaciones_entregadas,27515,0,0.8408504452117027,0.0,1.0,1.0,27.861166636380158,0.5809847412224172,1.142146926245191
28,proporcion_programadas_entregadas,22527,4988,0.8677364939849957,1.0,1.0,1.0,12.957783992542282,-2.1709956983121086,2.7392549840889804
42,total_clics,27005,0,383.7343825217552,96.0,243.0,507.0,3.3993704869468613,3.341865843127853,21.330200954387667
42,proporcion_dias_activos,27005,0,0.36926064510017526,0.16279069767441862,0.32558139534883723,0.5348837209302325,3.3993704869468613,0.5416019938554238,-0.5305917175472454
42,promedio_clics_por_dia_activo,26087,918,20.87994886080093,11.666666666666666,17.85,26.75,0.0,2.07397573693555,9.260376365150506
42,coef_variacion_clics,26087,918,2.572579481770563,1.6398165719158497,2.2751133964670176,3.1594529363709243,0.0,1.2166590232669605,1.335587897847903
42,dias_desde_ultima_interaccion,26087,918,5.155403074328209,0.0,2.0,6.0,26.76428872618546,2.3568118491771894,5.63213441613313
42,recencia_relativa,26087,918,0.11989309475181882,0.0,0.046511627906976744,0.13953488372093023,26.76428872618546,2.356811849177189,5.632134416133125
42,clics_ultimos_7d,27005,0,45.05010183299389,0.0,17.0,57.0,25.761895945195334,3.80995310605155,24.756939451606158
42,log_ratio_7d,23181,3824,-0.29294002111211964,-1.3422343713258602,-0.2876820724517809,0.6931471805599453,1.0957249471549977,0.07739129649881467,0.2942627060476961
42,log_ratio_14d,25268,1737,-0.5405710836979312,-1.2482762627902657,-0.44517671904043016,0.23336080398668826,0.6569574164951718,-0.12528113244278827,1.4854629590115294
42,n_evaluaciones_entregadas,27005,0,1.14989816700611,1.0,1.0,2.0,17.511571931123864,0.4426674505003663,0.29084070385315375
42,proporcion_programadas_entregadas,24579,2426,0.8706822897595509,1.0,1.0,1.0,9.882419951991537,-2.1901791498909953,3.1402484081879543
56,total_clics,26506,0,483.52086320078473,125.0,304.0,634.0,2.8861389873990793,3.361348664413407,21.327150560095152
56,proporcion_dias_activos,26506,0,0.36222318415823757,0.15789473684210525,0.3157894736842105,0.5263157894736842,2.8861389873990793,0.5639784034917461,-0.4867794897013997
56,promedio_clics_por_dia_activo,25741,765,20.221999660441078,11.625,17.325,25.594594594594593,0.0,2.7348185056823415,27.400462821767174
56,coef_variacion_clics,25741,765,2.702975200380651,1.686990691378385,2.3494377619648374,3.294680965598993,0.0,1.403404719334502,2.020829544476577
56,dias_desde_ultima_interaccion,25741,765,6.231498387786022,1.0,3.0,6.0,22.773008041645625,2.6511599612235095,7.104654719608362
56,recencia_relativa,25741,765,0.10932453311905302,0.017543859649122806,0.05263157894736842,0.10526315789473684,22.773008041645625,2.6511599612235095,7.104654719608362
56,clics_ultimos_7d,26506,0,46.314306194823814,0.0,18.0,59.0,26.111069191881082,8.138086705344177,223.36901784986688
56,log_ratio_7d,22455,4051,-0.12109842834741534,-1.1631508098056809,-0.12562621311740937,0.9328200338253656,1.2113115119127142,0.023893217108480212,0.24121188452905518
56,log_ratio_14d,24244,2262,-0.09558008787874547,-0.9029121599375444,-0.10536051565782628,0.7095950537069935,0.7589506682065665,0.06617989666472769,0.9809070075493631
56,n_evaluaciones_entregadas,26506,0,1.8173998339998492,1.0,2.0,2.0,13.936467214970197,0.25028545409328995,-0.22628098919789075
56,proporcion_programadas_entregadas,24099,2407,0.8249374109575778,0.6666666666666666,1.0,1.0,8.606166230963941,-1.6425154909243915,1.4226313126826153
