corte,variable,componente,carga
7,log_clics,1,0.5045241658684609
7,log_clics,2,0.35574398301308646
7,log_clics,3,0.03093607403297634
7,log_clics,4,0.05691816786065327
7,log_clics,5,0.7840311639823578
7,proporcion_activos,1,0.4889295374947299
7,proporcion_activos,2,-0.269855823103306
7,proporcion_activos,3,0.3528739606916678
7,proporcion_activos,4,0.7052653385882156
7,proporcion_activos,5,-0.25730626139729196
7,log_promedio,1,0.36868422572926995
7,log_promedio,2,0.7227038317855201
7,log_promedio,3,-0.16833042757833797
7,log_promedio,4,-0.09606676175873213
7,log_promedio,5,-0.5515497780413117
7,recencia_relativa,1,-0.38371328317420733
7,recencia_relativa,2,0.4109700747581396
7,recencia_relativa,3,0.8263112508257786
7,recencia_relativa,4,0.01946535178286632
7,recencia_relativa,5,0.026429733401342248
7,CV,1,-0.4724820964163644
7,CV,2,0.33079725280455086
7,CV,3,-0.40422458002851885
7,CV,4,0.6998238362035091
7,CV,5,0.11909212100357855
14,log_clics,1,0.511794135983834
14,log_clics,2,0.3084569899215806
14,log_clics,3,0.04733711716523846
14,log_clics,4,-0.006931625123291425
14,log_clics,5,0.8003950260044809
14,proporcion_activos,1,0.4803029835620828
14,proporcion_activos,2,-0.2526462810535866
14,proporcion_activos,3,0.40444783196731227
14,proporcion_activos,4,0.7000672742150036
14,proporcion_activos,5,-0.22761077180412537
14,log_promedio,1,0.36868362909142516
14,log_promedio,2,0.7522200292606396
14,log_promedio,3,-0.17209064524035414
14,log_promedio,4,-0.04978790572835612
14,log_promedio,5,-0.5158908639267046
14,recencia_relativa,1,-0.3843817475588352
14,recencia_relativa,2,0.40239980261398695
14,recencia_relativa,3,0.8279432494832131
14,recencia_relativa,4,-0.055973329128226085
14,recencia_relativa,5,0.04125570337929843
14,CV,1,-0.472968138607154
14,CV,2,0.3365465324047427
14,CV,3,-0.34507380951234257
14,CV,4,0.7101027496185411
14,CV,5,0.19928803868183942
28,log_clics,1,0.5134563176841143
28,log_clics,2,0.27016808448063484
28,log_clics,3,0.050610056133239906
28,log_clics,4,-0.03314050983266228
28,log_clics,5,0.8122266585039891
28,proporcion_activos,1,0.4716041410963565
28,proporcion_activos,2,-0.22845211022514306
28,proporcion_activos,3,0.47157093691068386
28,proporcion_activos,4,0.6729145691265217
28,proporcion_activos,5,-0.22406695774454166
28,log_promedio,1,0.36534645759661744
28,log_promedio,2,0.7790796801942148
28,log_promedio,3,-0.1616019529362679
28,log_promedio,4,-0.03867079918868632
28,log_promedio,5,-0.48160792760021653
28,recencia_relativa,1,-0.3974275964423094
28,recencia_relativa,2,0.389123619569524
28,recencia_relativa,3,0.8165839651716638
28,recencia_relativa,4,-0.13989912659027823
28,recencia_relativa,5,0.06521484863895172
28,CV,1,-0.4717259961447216
28,CV,2,0.3412279297820383
28,CV,3,-0.28659188807619307
28,CV,4,0.7245829786399102
28,CV,5,0.23212643376438782
42,log_clics,1,0.5141644739695909
42,log_clics,2,0.24251566333612906
42,log_clics,3,0.028012155148444816
42,log_clics,4,-0.05582505004134413
42,log_clics,5,0.820316969040646
42,proporcion_activos,1,0.46752855290865647
42,proporcion_activos,2,-0.16870945349569766
42,proporcion_activos,3,0.5490258780029432
42,proporcion_activos,4,0.6353793040965493
42,proporcion_activos,5,-0.21867303840483598
42,log_promedio,1,0.3639455494434829
42,log_promedio,2,0.7805851213071677
42,log_promedio,3,-0.23152115050119765
42,log_promedio,4,-0.016066001279578412
42,log_promedio,5,-0.4520733855334138
42,recencia_relativa,1,-0.3984978908659492
42,recencia_relativa,2,0.4513117632524821
42,recencia_relativa,3,0.7635944743593136
42,recencia_relativa,4,-0.22085958178351767
42,recencia_relativa,5,0.07524391794463366
42,CV,1,-0.4751789283400343
42,CV,2,0.3157971407116137
42,CV,3,-0.2471989887632262
42,CV,4,0.7376582084210549
42,CV,5,0.2631162850974146
56,log_clics,1,0.5182578892986127
56,log_clics,2,0.22587222820161532
56,log_clics,3,0.01911166199750407
56,log_clics,4,-0.07441396190021417
56,log_clics,5,0.821272064152307
56,proporcion_activos,1,0.4680739349556289
56,proporcion_activos,2,-0.11885411419032615
56,proporcion_activos,3,0.5746975478865705
56,proporcion_activos,4,0.6231202498733264
56,proporcion_activos,5,-0.21960048635226947
56,log_promedio,1,0.3609520503561815
56,log_promedio,2,0.769817338983503
56,log_promedio,3,-0.3000424222209246
56,log_promedio,4,-5.135186461113772e-06
56,log_promedio,5,-0.43251523300972616
56,recencia_relativa,1,-0.39000313313917767
56,recencia_relativa,2,0.5032638793706807
56,recencia_relativa,3,0.724457093707029
56,recencia_relativa,4,-0.255345531787393
56,recencia_relativa,5,0.06770230894272812
56,CV,1,-0.47950675186090397
56,CV,2,0.29826526513894003
56,CV,3,-0.23343936487709677
56,CV,4,0.7355150412071532
56,CV,5,0.29263423178982495
