,total_clics,proporcion_dias_activos,promedio_clics_por_dia_activo,coef_variacion_clics,dias_desde_ultima_interaccion,recencia_relativa,clics_ultimos_7d,log_ratio_7d,n_evaluaciones_entregadas,proporcion_programadas_entregadas
total_clics,1.0,0.8729596695709879,0.8162936279725151,-0.7430183167405044,-0.5372825720379867,-0.5372825720379867,0.8693082240300309,0.023590397141487977,0.14168119645524685,0.3752390728592123
proporcion_dias_activos,0.8729596695709879,1.0,0.38795646341866735,-0.9227265732559463,-0.6243859163758456,-0.6243859163758456,0.7794921093844579,-0.012420063239784592,0.1333430156989932,0.3919134518908619
promedio_clics_por_dia_activo,0.8162936279725151,0.38795646341866735,1.0,-0.32370418204651236,-0.2720873909609177,-0.2720873909609177,0.6700851106582891,0.04464831806782449,0.08774956098142125,0.09258734467224283
coef_variacion_clics,-0.7430183167405044,-0.9227265732559463,-0.32370418204651236,1.0,0.57420823593977,0.57420823593977,-0.6587897685001,0.014640656373993786,-0.08632218190836874,-0.19105514998090523
dias_desde_ultima_interaccion,-0.5372825720379867,-0.6243859163758456,-0.2720873909609177,0.57420823593977,1.0,1.0,-0.6386758993129279,-0.33634793818041403,-0.06510587796942807,-0.16920058185631065
recencia_relativa,-0.5372825720379867,-0.6243859163758456,-0.2720873909609177,0.57420823593977,1.0,1.0,-0.6386758993129279,-0.33634793818041403,-0.06510587796942807,-0.16920058185631065
clics_ultimos_7d,0.8693082240300309,0.7794921093844579,0.6700851106582891,-0.6587897685001,-0.6386758993129279,-0.6386758993129279,1.0,0.4985972027287339,0.12948594223564633,0.3703708128424572
log_ratio_7d,0.023590397141487977,-0.012420063239784592,0.04464831806782449,0.014640656373993786,-0.33634793818041403,-0.33634793818041403,0.4985972027287339,1.0,0.012659295808515087,0.09133788274646057
n_evaluaciones_entregadas,0.14168119645524685,0.1333430156989932,0.08774956098142125,-0.08632218190836874,-0.06510587796942807,-0.06510587796942807,0.12948594223564633,0.012659295808515087,1.0,0.9728680910472736
proporcion_programadas_entregadas,0.3752390728592123,0.3919134518908619,0.09258734467224283,-0.19105514998090523,-0.16920058185631065,-0.16920058185631065,0.3703708128424572,0.09133788274646057,0.9728680910472736,1.0
