,total_clics,proporcion_dias_activos,promedio_clics_por_dia_activo,coef_variacion_clics,dias_desde_ultima_interaccion,recencia_relativa,clics_ultimos_7d,log_ratio_7d,log_ratio_14d,n_evaluaciones_entregadas,proporcion_programadas_entregadas
total_clics,26506,26506,25741,25741,25741,25741,26506,22455,24244,26506,24099
proporcion_dias_activos,26506,26506,25741,25741,25741,25741,26506,22455,24244,26506,24099
promedio_clics_por_dia_activo,25741,25741,25741,25741,25741,25741,25741,22455,24244,25741,23537
coef_variacion_clics,25741,25741,25741,25741,25741,25741,25741,22455,24244,25741,23537
dias_desde_ultima_interaccion,25741,25741,25741,25741,25741,25741,25741,22455,24244,25741,23537
recencia_relativa,25741,25741,25741,25741,25741,25741,25741,22455,24244,25741,23537
clics_ultimos_7d,26506,26506,25741,25741,25741,25741,26506,22455,24244,26506,24099
log_ratio_7d,22455,22455,22455,22455,22455,22455,22455,22455,22455,22455,20940
log_ratio_14d,24244,24244,24244,24244,24244,24244,24244,22455,24244,24244,22380
n_evaluaciones_entregadas,26506,26506,25741,25741,25741,25741,26506,22455,24244,26506,24099
proporcion_programadas_entregadas,24099,24099,23537,23537,23537,23537,24099,20940,22380,24099,24099
