corte,variable,VIF
7,total_clics,3.706922563911319
7,proporcion_dias_activos,3.3876544786533516
7,n_registros_vle,6.656387840804701
7,n_evaluaciones_entregadas,1.0516493398994349
14,total_clics,4.451591270811263
14,proporcion_dias_activos,4.045481472584744
14,n_registros_vle,8.495483029840114
14,n_evaluaciones_entregadas,1.0493827868522905
28,total_clics,5.234642431173041
28,proporcion_dias_activos,4.696488208379098
28,n_registros_vle,10.928958512848853
28,n_evaluaciones_entregadas,1.3193462109510772
42,total_clics,5.839038424797432
42,proporcion_dias_activos,5.372265351792599
42,n_registros_vle,12.333655460050451
42,n_evaluaciones_entregadas,1.3234605037687122
56,total_clics,6.156720667027789
56,proporcion_dias_activos,5.673354636232778
56,n_registros_vle,13.694293262186756
56,n_evaluaciones_entregadas,1.3938965546457276
