corte,variable,n,observadas,faltantes,porcentaje_observado,valores_distintos
7,total_clics,29076,29076,0,100.0,725
7,dias_activos,29076,29076,0,100.0,9
7,proporcion_dias_activos,29076,29076,0,100.0,9
7,promedio_clics_por_dia_activo,29076,23760,5316,81.71687990094924,1740
7,coef_variacion_clics,29076,23760,5316,81.71687990094924,13244
7,cv_intensidad_activa,29076,18704,10372,64.32796808364287,13717
7,dias_desde_ultima_interaccion,29076,23760,5316,81.71687990094924,8
7,recencia_relativa,29076,23760,5316,81.71687990094924,8
7,semanas_completas_activas,29076,29076,0,100.0,2
7,proporcion_semanas_completas_activas,29076,29076,0,100.0,2
7,clics_pre_inicio,29076,29076,0,100.0,842
7,clics_ultimos_7d,29076,29076,0,100.0,670
7,clics_7d_previos,29076,0,29076,0.0,0
7,log_ratio_7d,29076,0,29076,0.0,0
7,log_ratio_14d,29076,0,29076,0.0,0
7,sin_actividad_acumulada,29076,29076,0,100.0,2
7,sin_actividad_ultimos_7d,29076,29076,0,100.0,2
7,sin_actividad_ultimos_14d,29076,0,29076,0.0,0
7,sin_actividad_ultimos_28d,29076,0,29076,0.0,0
7,n_evaluaciones_entregadas,29076,29076,0,100.0,4
7,n_entregas_pre_inicio,29076,29076,0,100.0,3
7,n_evaluaciones_programadas,29076,29076,0,100.0,1
7,n_programadas_entregadas_al_corte,29076,29076,0,100.0,1
7,proporcion_programadas_entregadas,29076,0,29076,0.0,0
7,sin_evaluacion_programada,29076,29076,0,100.0,1
7,sin_entregas_acumuladas,29076,29076,0,100.0,2
14,total_clics,28054,28054,0,100.0,1057
14,dias_activos,28054,28054,0,100.0,16
14,proporcion_dias_activos,28054,28054,0,100.0,16
14,promedio_clics_por_dia_activo,28054,25503,2551,90.90682255649818,3535
14,coef_variacion_clics,28054,25503,2551,90.90682255649818,19231
14,cv_intensidad_activa,28054,22779,5275,81.19697725814501,19283
14,dias_desde_ultima_interaccion,28054,25503,2551,90.90682255649818,15
14,recencia_relativa,28054,25503,2551,90.90682255649818,15
14,semanas_completas_activas,28054,28054,0,100.0,3
14,proporcion_semanas_completas_activas,28054,28054,0,100.0,3
14,clics_pre_inicio,28054,28054,0,100.0,839
14,clics_ultimos_7d,28054,28054,0,100.0,610
14,clics_7d_previos,28054,28054,0,100.0,670
14,log_ratio_7d,28054,25332,2722,90.29728380979539,9804
14,log_ratio_14d,28054,0,28054,0.0,0
14,sin_actividad_acumulada,28054,28054,0,100.0,2
14,sin_actividad_ultimos_7d,28054,28054,0,100.0,2
14,sin_actividad_ultimos_14d,28054,28054,0,100.0,2
14,sin_actividad_ultimos_28d,28054,0,28054,0.0,0
14,n_evaluaciones_entregadas,28054,28054,0,100.0,4
14,n_entregas_pre_inicio,28054,28054,0,100.0,3
14,n_evaluaciones_programadas,28054,28054,0,100.0,2
14,n_programadas_entregadas_al_corte,28054,28054,0,100.0,2
14,proporcion_programadas_entregadas,28054,1289,26765,4.59471020175376,2
14,sin_evaluacion_programada,28054,28054,0,100.0,2
14,sin_entregas_acumuladas,28054,28054,0,100.0,2
28,total_clics,27515,27515,0,100.0,1637
28,dias_activos,27515,27515,0,100.0,30
28,proporcion_dias_activos,27515,27515,0,100.0,30
28,promedio_clics_por_dia_activo,27515,26312,1203,95.6278393603489,6823
28,coef_variacion_clics,27515,26312,1203,95.6278393603489,23651
28,cv_intensidad_activa,27515,25227,2288,91.68453570779575,23799
28,dias_desde_ultima_interaccion,27515,26312,1203,95.6278393603489,29
28,recencia_relativa,27515,26312,1203,95.6278393603489,29
28,semanas_completas_activas,27515,27515,0,100.0,5
28,proporcion_semanas_completas_activas,27515,27515,0,100.0,5
28,clics_pre_inicio,27515,27515,0,100.0,835
28,clics_ultimos_7d,27515,27515,0,100.0,611
28,clics_7d_previos,27515,27515,0,100.0,674
28,log_ratio_7d,27515,24826,2689,90.22714882791205,10027
28,log_ratio_14d,27515,26265,1250,95.45702344175903,14740
28,sin_actividad_acumulada,27515,27515,0,100.0,2
28,sin_actividad_ultimos_7d,27515,27515,0,100.0,2
28,sin_actividad_ultimos_14d,27515,27515,0,100.0,2
28,sin_actividad_ultimos_28d,27515,27515,0,100.0,2
28,n_evaluaciones_entregadas,27515,27515,0,100.0,5
28,n_entregas_pre_inicio,27515,27515,0,100.0,3
28,n_evaluaciones_programadas,27515,27515,0,100.0,3
28,n_programadas_entregadas_al_corte,27515,27515,0,100.0,3
28,proporcion_programadas_entregadas,27515,22527,4988,81.87170634199528,3
28,sin_evaluacion_programada,27515,27515,0,100.0,2
28,sin_entregas_acumuladas,27515,27515,0,100.0,2
42,total_clics,27005,27005,0,100.0,2055
42,dias_activos,27005,27005,0,100.0,44
42,proporcion_dias_activos,27005,27005,0,100.0,44
42,promedio_clics_por_dia_activo,27005,26087,918,96.60062951305314,8815
42,coef_variacion_clics,27005,26087,918,96.60062951305314,24214
42,cv_intensidad_activa,27005,25323,1682,93.77152379189039,24367
42,dias_desde_ultima_interaccion,27005,26087,918,96.60062951305314,43
42,recencia_relativa,27005,26087,918,96.60062951305314,43
42,semanas_completas_activas,27005,27005,0,100.0,7
42,proporcion_semanas_completas_activas,27005,27005,0,100.0,7
42,clics_pre_inicio,27005,27005,0,100.0,833
42,clics_ultimos_7d,27005,27005,0,100.0,518
42,clics_7d_previos,27005,27005,0,100.0,568
42,log_ratio_7d,27005,23181,3824,85.83965932234771,7919
42,log_ratio_14d,27005,25268,1737,93.56785780411036,13119
42,sin_actividad_acumulada,27005,27005,0,100.0,2
42,sin_actividad_ultimos_7d,27005,27005,0,100.0,2
42,sin_actividad_ultimos_14d,27005,27005,0,100.0,2
42,sin_actividad_ultimos_28d,27005,27005,0,100.0,2
42,n_evaluaciones_entregadas,27005,27005,0,100.0,5
42,n_entregas_pre_inicio,27005,27005,0,100.0,3
42,n_evaluaciones_programadas,27005,27005,0,100.0,3
42,n_programadas_entregadas_al_corte,27005,27005,0,100.0,3
42,proporcion_programadas_entregadas,27005,24579,2426,91.01647842992038,3
42,sin_evaluacion_programada,27005,27005,0,100.0,2
42,sin_entregas_acumuladas,27005,27005,0,100.0,2
56,total_clics,26506,26506,0,100.0,2407
56,dias_activos,26506,26506,0,100.0,58
56,proporcion_dias_activos,26506,26506,0,100.0,58
56,promedio_clics_por_dia_activo,26506,25741,765,97.11386101260092,10404
56,coef_variacion_clics,26506,25741,765,97.11386101260092,24416
56,cv_intensidad_activa,26506,25147,1359,94.87285897532635,24486
56,dias_desde_ultima_interaccion,26506,25741,765,97.11386101260092,57
56,recencia_relativa,26506,25741,765,97.11386101260092,57
56,semanas_completas_activas,26506,26506,0,100.0,9
56,proporcion_semanas_completas_activas,26506,26506,0,100.0,9
56,clics_pre_inicio,26506,26506,0,100.0,831
56,clics_ultimos_7d,26506,26506,0,100.0,539
56,clics_7d_previos,26506,26506,0,100.0,550
56,log_ratio_7d,26506,22455,4051,84.71666792424357,7608
56,log_ratio_14d,26506,24244,2262,91.46608315098467,11592
56,sin_actividad_acumulada,26506,26506,0,100.0,2
56,sin_actividad_ultimos_7d,26506,26506,0,100.0,2
56,sin_actividad_ultimos_14d,26506,26506,0,100.0,2
56,sin_actividad_ultimos_28d,26506,26506,0,100.0,2
56,n_evaluaciones_entregadas,26506,26506,0,100.0,6
56,n_entregas_pre_inicio,26506,26506,0,100.0,3
56,n_evaluaciones_programadas,26506,26506,0,100.0,5
56,n_programadas_entregadas_al_corte,26506,26506,0,100.0,5
56,proporcion_programadas_entregadas,26506,24099,2407,90.91903719912473,7
56,sin_evaluacion_programada,26506,26506,0,100.0,2
56,sin_entregas_acumuladas,26506,26506,0,100.0,2
