corte,etapa,inscripciones,personas,excluidas
7,Fuente,32593,28785,0
7,Matrícula conocida,32548,28755,45
7,Matriculada al corte,32455,28691,93
7,Sin retiro hasta corte,29076,26030,3379
7,Final posterior al corte,29076,26030,0
14,Fuente,32593,28785,0
14,Matrícula conocida,32548,28755,45
14,Matriculada al corte,32490,28715,58
14,Sin retiro hasta corte,28054,25220,4436
14,Final posterior al corte,28054,25220,0
28,Fuente,32593,28785,0
28,Matrícula conocida,32548,28755,45
28,Matriculada al corte,32532,28748,16
28,Sin retiro hasta corte,27515,24826,5017
28,Final posterior al corte,27515,24826,0
42,Fuente,32593,28785,0
42,Matrícula conocida,32548,28755,45
42,Matriculada al corte,32536,28750,12
42,Sin retiro hasta corte,27005,24491,5531
42,Final posterior al corte,27005,24491,0
56,Fuente,32593,28785,0
56,Matrícula conocida,32548,28755,45
56,Matriculada al corte,32539,28753,9
56,Sin retiro hasta corte,26506,24105,6033
56,Final posterior al corte,26506,24105,0
