corte,variable,n,IQR,MAD,tukey_1_5,z_robusto
7,total_clics,29076,95.0,53.37367986620167,1991.0,2346.0
7,proporcion_dias_activos,29076,0.5,0.3706505546264005,0.0,0.0
7,promedio_clics_por_dia_activo,23760,20.75,14.331821445554153,1195.0,882.0
7,coef_variacion_clics,23760,1.2264792078184563,0.8547183450619374,0.0,0.0
7,cv_intensidad_activa,18704,0.4573657715794325,0.3392704148537293,112.0,14.0
7,studied_credits,29076,30.0,0.0,1660.0,
7,num_of_prev_attempts,29076,0.0,0.0,,
7,dias_desde_ultima_interaccion,23760,3.0,1.482602218505602,0.0,525.0
7,recencia_relativa,23760,0.375,0.18532527731320025,0.0,525.0
7,clics_ultimos_7d,29076,84.0,45.96066877367366,2022.0,2525.0
7,n_evaluaciones_entregadas,29076,0.0,0.0,,
14,total_clics,28054,166.0,102.29955307688654,1739.0,1739.0
14,proporcion_dias_activos,28054,0.4,0.29652044370112035,0.0,0.0
14,promedio_clics_por_dia_activo,25503,19.044444444444444,13.219869781674953,1126.0,785.0
14,coef_variacion_clics,25503,1.2577469265048697,0.9414844079527697,0.0,0.0
14,cv_intensidad_activa,22779,0.4221816022121514,0.30812004700189033,479.0,99.0
14,studied_credits,28054,30.0,0.0,1546.0,
14,num_of_prev_attempts,28054,0.0,0.0,,
14,dias_desde_ultima_interaccion,25503,4.0,1.482602218505602,1142.0,2950.0
14,recencia_relativa,25503,0.26666666666666666,0.09884014790037346,1142.0,2950.0
14,clics_ultimos_7d,28054,82.0,44.478066555168056,1954.0,2468.0
14,log_ratio_7d,25332,1.971038332254893,1.4457344040324922,1282.0,198.0
14,n_evaluaciones_entregadas,28054,0.0,0.0,,
14,proporcion_programadas_entregadas,1289,0.0,0.0,,
28,total_clics,27515,308.0,198.66869727975066,1644.0,1460.0
28,proporcion_dias_activos,27515,0.3793103448275862,0.2556210721561383,0.0,0.0
28,promedio_clics_por_dia_activo,26312,17.136755485893417,12.130381787773107,961.0,619.0
28,coef_variacion_clics,26312,1.425973776517836,1.0047033629991957,1161.0,0.0
28,cv_intensidad_activa,25227,0.40837988852198537,0.29770734633482787,698.0,219.0
28,studied_credits,27515,30.0,0.0,1499.0,
28,num_of_prev_attempts,27515,0.0,0.0,,
28,dias_desde_ultima_interaccion,26312,5.0,2.965204437011204,1683.0,1683.0
28,recencia_relativa,26312,0.1724137931034483,0.1022484288624553,1683.0,1683.0
28,clics_ultimos_7d,27515,75.0,37.065055462640046,2015.0,2836.0
28,log_ratio_7d,24826,2.0988494416962746,1.5389653612644274,922.0,92.0
28,log_ratio_14d,26265,1.522335508432142,1.1281570263394263,2059.0,842.0
28,n_evaluaciones_entregadas,27515,1.0,0.0,504.0,
28,proporcion_programadas_entregadas,22527,0.0,0.0,,
42,total_clics,27005,411.0,262.42059267549155,1659.0,1523.0
42,proporcion_dias_activos,27005,0.3720930232558139,0.27583297088476316,0.0,0.0
42,promedio_clics_por_dia_activo,26087,15.083333333333334,10.567659146348266,979.0,642.0
42,coef_variacion_clics,26087,1.5196363644550746,1.079204536004314,1184.0,885.0
42,cv_intensidad_activa,25323,0.3966956982373042,0.2871554418588859,774.0,281.0
42,studied_credits,27005,30.0,0.0,1435.0,
42,num_of_prev_attempts,27005,0.0,0.0,,
42,dias_desde_ultima_interaccion,26087,6.0,2.965204437011204,2625.0,3145.0
42,recencia_relativa,26087,0.13953488372093023,0.06895824272119079,2769.0,3145.0
42,clics_ultimos_7d,27005,57.0,25.204237714595234,2155.0,3411.0
42,log_ratio_7d,23181,2.0353815518858056,1.4998017558968038,713.0,58.0
42,log_ratio_14d,25268,1.481637066776954,1.08745652115245,1967.0,847.0
42,n_evaluaciones_entregadas,27005,1.0,0.0,80.0,
42,proporcion_programadas_entregadas,24579,0.0,0.0,,
56,total_clics,26506,509.0,323.2072836342212,1695.0,1600.0
56,proporcion_dias_activos,26506,0.3684210526315789,0.26010565236940386,0.0,0.0
56,promedio_clics_por_dia_activo,25741,13.969594594594593,9.767617510602038,1004.0,676.0
56,coef_variacion_clics,25741,1.6076902742206078,1.1300769101817278,1260.0,911.0
56,cv_intensidad_activa,25147,0.3833570154105912,0.27884417235120584,861.0,387.0
56,studied_credits,26506,30.0,0.0,1378.0,
56,num_of_prev_attempts,26506,0.0,0.0,,
56,dias_desde_ultima_interaccion,25741,5.0,2.965204437011204,3286.0,3286.0
56,recencia_relativa,25741,0.08771929824561403,0.05202113047388077,3286.0,3286.0
56,clics_ultimos_7d,26506,59.0,26.686839933100835,1995.0,3183.0
56,log_ratio_7d,22455,2.0959708436310462,1.5484965327185676,680.0,43.0
56,log_ratio_14d,24244,1.612507213644538,1.1947905952178408,1831.0,558.0
56,n_evaluaciones_entregadas,26506,1.0,1.482602218505602,2333.0,0.0
56,proporcion_programadas_entregadas,24099,0.33333333333333337,0.0,2074.0,
