corte,variable,n,observados,faltantes,min,q25,mediana,q75,max,efecto
7,studied_credits,29076,29076,0,30,60.0,60.0,90.0,630,0.16477735552622708
7,num_of_prev_attempts,29076,29076,0,0,0.0,0.0,0.0,6,0.0278534952775642
14,studied_credits,28054,28054,0,30,60.0,60.0,90.0,630,0.13812604800513406
14,num_of_prev_attempts,28054,28054,0,0,0.0,0.0,0.0,6,0.030001071728286366
28,studied_credits,27515,27515,0,30,60.0,60.0,90.0,630,0.13126879704147987
28,num_of_prev_attempts,27515,27515,0,0,0.0,0.0,0.0,6,0.03288737700983657
42,studied_credits,27005,27005,0,30,60.0,60.0,90.0,630,0.12548992075834997
42,num_of_prev_attempts,27005,27005,0,0,0.0,0.0,0.0,6,0.03645974968525523
56,studied_credits,26506,26506,0,30,60.0,60.0,90.0,630,0.11909256787626088
56,num_of_prev_attempts,26506,26506,0,0,0.0,0.0,0.0,6,0.0380944648617183
