corte,variable,V_cramer,esperada_min,celdas_menores5
7,code_module,0.17347502549431995,165.13853349841793,0
7,code_presentation,0.08231252360001824,992.1997523730912,0
7,gender,0.03491849511336898,2956.755262071812,0
7,age_band,0.02641643324804983,46.074563213647,0
7,highest_education,0.07142389052212024,67.28710964369239,0
7,imd_band,0.07256558361013589,238.1279405695419,0
7,region,0.042962129204946596,253.41009767505847,0
7,disability,0.06088485662207873,633.6392901361947,0
14,code_module,0.16969245826579266,143.2095244884865,0
14,code_presentation,0.058749193716278916,859.0582448135739,0
14,gender,0.029449455736881652,2500.000712910815,0
14,age_band,0.015544199132645875,39.38261923433379,0
14,highest_education,0.05715944776218439,54.10137591787267,0
14,imd_band,0.05451479308718737,206.26149568688956,0
14,region,0.026003728647819663,221.57695872246381,0
14,disability,0.06535054451818047,532.0631638981963,0
28,code_module,0.15929366914806495,130.60526985280757,0
28,code_presentation,0.04321942378503968,750.1150645102671,0
28,gender,0.02930577526040957,2249.7987279665635,0
28,age_band,0.012458810354905848,35.155951299291296,0
28,highest_education,0.05126931969003014,47.360348900599675,0
28,imd_band,0.04916746606120506,187.0733781573687,0
28,region,0.02602634094360653,201.28148282754861,0
28,disability,0.06498545777043509,474.87857532255134,0
42,code_module,0.14439810872394862,118.31142381040549,0
42,code_presentation,0.039648180092235245,674.2084799111276,0
42,gender,0.025124798855381877,2025.7915200888724,0
42,age_band,0.011462785643915094,31.660803554897242,0
42,highest_education,0.045170580855458685,42.49213108683577,0
42,imd_band,0.051603584423588165,168.8020736900574,0
42,region,0.02667948457667341,180.79985187928162,0
42,disability,0.06466000948373508,423.9214960192557,0
56,code_module,0.13686534693307675,106.63947785407078,0
56,code_presentation,0.03295721426169552,597.000075454614,0
56,gender,0.02433504706229186,1801.8602580547802,0
56,age_band,0.01108235595224206,27.904248094770995,0
56,highest_education,0.038460599728408804,36.95427450388591,0
56,imd_band,0.05132469776053766,150.38127216479288,0
56,region,0.02884270850491133,161.2413038557308,0
56,disability,0.06398023836029161,374.2185920169018,0
