corte,variable,n_cohorte,n_observado,retiros_cohorte,efecto
7,proporcion_dias_activos,26429,26429,3985,-0.0742318872209925
7,coef_variacion_clics,26429,22043,3985,0.06660733620745019
7,cv_intensidad_activa,26429,17514,3985,-0.011112764835855327
7,log_ratio_7d,26429,0,3985,
7,proporcion_programadas_entregadas,26429,0,3985,
14,proporcion_dias_activos,26429,26429,3985,-0.08738952009261247
14,coef_variacion_clics,26429,24184,3985,0.082199909998806
14,cv_intensidad_activa,26429,21678,3985,0.00012771996280469544
14,log_ratio_7d,26429,24032,3985,-0.010165217952471273
14,proporcion_programadas_entregadas,26429,1240,3985,-0.09677419354838712
28,proporcion_dias_activos,26429,26429,3985,-0.08927379159998272
28,coef_variacion_clics,26429,25321,3985,0.10316593781412742
28,cv_intensidad_activa,26429,24303,3985,0.03997890006120208
28,log_ratio_7d,26429,23935,3985,-0.04228730383107515
28,proporcion_programadas_entregadas,26429,21540,3985,-0.10103461486735088
42,proporcion_dias_activos,26429,26429,3985,-0.10248878178215537
42,coef_variacion_clics,26429,25545,3985,0.11440648579231572
42,cv_intensidad_activa,26429,24798,3985,0.043679632010244385
42,log_ratio_7d,26429,22774,3985,-0.07413074910358097
42,proporcion_programadas_entregadas,26429,24024,3985,-0.11813666421558477
56,proporcion_dias_activos,26429,26429,3985,-0.12819304122771924
56,coef_variacion_clics,26429,25670,3985,0.14048429219376413
56,cv_intensidad_activa,26429,25080,3985,0.04624578798543766
56,log_ratio_7d,26429,22394,3985,0.013006247221643452
56,proporcion_programadas_entregadas,26429,24024,3985,-0.19909057956004805
