corte,variable,n_retiro,n_sin_retiro,efecto,IC95_inferior,IC95_superior,remuestras,estado
7,total_clics,6632,22444,-0.17903860410975425,-0.19462333832645737,-0.16368952620824628,5000.0,estimado
7,proporcion_dias_activos,6632,22444,-0.16290675019278644,-0.17851100414523569,-0.14751772498070279,5000.0,estimado
7,promedio_clics_por_dia_activo,4955,18805,-0.11817987519153372,-0.13648424874862974,-0.09955567515487272,5000.0,estimado
7,coef_variacion_clics,4955,18805,0.10927198817541872,0.09206128685981756,0.12710001974700727,5000.0,estimado
7,cv_intensidad_activa,3701,15003,-0.008682997256263425,-0.029737684532894222,0.012197660760776694,5000.0,estimado
7,studied_credits,6632,22444,0.16477735552622708,0.14985603757331395,0.17916756029149344,5000.0,estimado
7,num_of_prev_attempts,6632,22444,0.0278534952775642,0.018189350787077424,0.03777001879577572,5000.0,estimado
7,dias_desde_ultima_interaccion,4955,18805,0.07833462073310149,0.06006358752292883,0.09611278038513749,5000.0,estimado
7,recencia_relativa,4955,18805,0.07833462073310149,0.06006358752292883,0.09611278038513749,5000.0,estimado
7,clics_ultimos_7d,6632,22444,-0.1783346875504539,-0.19383548446730609,-0.16270622955975358,5000.0,estimado
7,log_ratio_7d,0,0,,,,,historia o casos insuficientes
7,log_ratio_14d,0,0,,,,,historia o casos insuficientes
7,n_evaluaciones_entregadas,6632,22444,-0.01664014889544685,-0.0201904899036108,-0.013014047039271984,5000.0,estimado
7,proporcion_programadas_entregadas,0,0,,,,,historia o casos insuficientes
14,total_clics,5580,22474,-0.14700081145141675,-0.1640617045497134,-0.1302900069456521,5000.0,estimado
14,proporcion_dias_activos,5580,22474,-0.1321932185754754,-0.14897295575977648,-0.1155916029709098,5000.0,estimado
14,promedio_clics_por_dia_activo,4896,20607,-0.10566591528800262,-0.12353520636826168,-0.08768802897139737,5000.0,estimado
14,coef_variacion_clics,4896,20607,0.1089429087013074,0.09101108431948074,0.12685082241484416,5000.0,estimado
14,cv_intensidad_activa,4246,18533,-0.0040472039042576125,-0.023274670870440585,0.015926327669288965,5000.0,estimado
14,studied_credits,5580,22474,0.13812604800513406,0.12290891869950485,0.1537099641109027,5000.0,estimado
14,num_of_prev_attempts,5580,22474,0.030001071728286366,0.019790021149130966,0.0406725364376598,5000.0,estimado
14,dias_desde_ultima_interaccion,4896,20607,0.07538195941096237,0.05766547962240076,0.09305897906082261,5000.0,estimado
14,recencia_relativa,4896,20607,0.07538195941096237,0.05766547962240076,0.09305897906082261,5000.0,estimado
14,clics_ultimos_7d,5580,22474,-0.13607750796380236,-0.15271770395274342,-0.11960093242367588,5000.0,estimado
14,log_ratio_7d,4852,20480,-0.012130538550468861,-0.030488298878392727,0.006060715359944956,5000.0,estimado
14,log_ratio_14d,0,0,,,,,historia o casos insuficientes
14,n_evaluaciones_entregadas,5580,22474,-0.0639474591586997,-0.07180611845585519,-0.05604866457077044,5000.0,estimado
14,proporcion_programadas_entregadas,169,1120,-0.11761939983093828,-0.19050665771580608,-0.04663018522603,5000.0,estimado
28,total_clics,5012,22503,-0.10709050090652095,-0.12434140789171311,-0.09040360942313379,5000.0,estimado
28,proporcion_dias_activos,5012,22503,-0.12038840861832056,-0.13784573104028047,-0.10311415231386044,5000.0,estimado
28,promedio_clics_por_dia_activo,4755,21557,-0.05229800123478667,-0.06999896009954028,-0.0346619424602262,5000.0,estimado
28,coef_variacion_clics,4755,21557,0.1261416106283555,0.10843860524440396,0.14395183306306716,5000.0,estimado
28,cv_intensidad_activa,4511,20716,0.037503923493702684,0.01915998313836626,0.0563240688017632,5000.0,estimado
28,studied_credits,5012,22503,0.13126879704147987,0.11498185871729552,0.1477637034362617,5000.0,estimado
28,num_of_prev_attempts,5012,22503,0.03288737700983657,0.02167031721068525,0.04399249253371201,5000.0,estimado
28,dias_desde_ultima_interaccion,4755,21557,0.10367179044117836,0.08617719040451723,0.12159826738360371,5000.0,estimado
28,recencia_relativa,4755,21557,0.10367179044117836,0.08617719040451723,0.12159826738360371,5000.0,estimado
28,clics_ultimos_7d,5012,22503,-0.11322255551702798,-0.13020105423658437,-0.09585336828725778,5000.0,estimado
28,log_ratio_7d,4439,20387,-0.06369329504721177,-0.08334247490653524,-0.04419307803449958,5000.0,estimado
28,log_ratio_14d,4743,21522,0.04626375772312308,0.027406127468353643,0.06520996637400182,5000.0,estimado
28,n_evaluaciones_entregadas,5012,22503,-0.061739821584132826,-0.07662953914364477,-0.04658943489123937,5000.0,estimado
28,proporcion_programadas_entregadas,4484,18043,-0.13453736225232193,-0.14749581305215206,-0.12098838140225886,5000.0,estimado
42,total_clics,4500,22505,-0.11061188377891329,-0.12816173151111204,-0.09258128943473429,5000.0,estimado
42,proporcion_dias_activos,4500,22505,-0.12064510108864701,-0.13783234453337528,-0.1024648413632663,5000.0,estimado
42,promedio_clics_por_dia_activo,4337,21750,-0.06273736546529596,-0.08140620148093079,-0.044461056860367804,5000.0,estimado
42,coef_variacion_clics,4337,21750,0.1290640121488713,0.11076846806844548,0.14658903872143633,5000.0,estimado
42,cv_intensidad_activa,4197,21126,0.03698552526812415,0.018743996232812466,0.056228527279932695,5000.0,estimado
42,studied_credits,4500,22505,0.12548992075834997,0.10829577250805571,0.14333366806802414,5000.0,estimado
42,num_of_prev_attempts,4500,22505,0.03645974968525523,0.02474802551227792,0.04812545703798849,5000.0,estimado
42,dias_desde_ultima_interaccion,4337,21750,0.15029829931702343,0.1316639502379132,0.16821216528268298,5000.0,estimado
42,recencia_relativa,4337,21750,0.15029829931702343,0.1316639502379132,0.16821216528268298,5000.0,estimado
42,clics_ultimos_7d,4500,22505,-0.16734617986126543,-0.18522556184252115,-0.14963947128388733,5000.0,estimado
42,log_ratio_7d,3709,19472,-0.08183553219389283,-0.10382541608499482,-0.0602812638232066,5000.0,estimado
42,log_ratio_14d,4183,21085,-0.13251053829623394,-0.15247329645150856,-0.11350796906835477,5000.0,estimado
42,n_evaluaciones_entregadas,4500,22505,-0.06475207978473918,-0.0812665162558554,-0.047998682764026544,5000.0,estimado
42,proporcion_programadas_entregadas,4319,20260,-0.14040177392896747,-0.1546245503531294,-0.12583088408882692,5000.0,estimado
56,total_clics,3998,22508,-0.11388537035533941,-0.13265830987589877,-0.09515016685565102,5000.0,estimado
56,proporcion_dias_activos,3998,22508,-0.12866644136000827,-0.14710201083317437,-0.1098576657973869,5000.0,estimado
56,promedio_clics_por_dia_activo,3882,21859,-0.06146146162425148,-0.081160095550373,-0.04158167665981959,5000.0,estimado
56,coef_variacion_clics,3882,21859,0.1402703345376468,0.1217321253499118,0.1593232167314584,5000.0,estimado
56,cv_intensidad_activa,3777,21370,0.04538493645936437,0.02531372841627901,0.06491897209523231,5000.0,estimado
56,studied_credits,3998,22508,0.11909256787626088,0.10091500068474278,0.1375846908567137,5000.0,estimado
56,num_of_prev_attempts,3998,22508,0.0380944648617183,0.025364546712110535,0.050195738035978786,5000.0,estimado
56,dias_desde_ultima_interaccion,3882,21859,0.1622554266173024,0.1425665018315862,0.1814857203090929,5000.0,estimado
56,recencia_relativa,3882,21859,0.1622554266173024,0.1425665018315862,0.1814857203090929,5000.0,estimado
56,clics_ultimos_7d,3998,22508,-0.15961449491406443,-0.17804196829290836,-0.1410666159998212,5000.0,estimado
56,log_ratio_7d,3127,19328,0.013379450396779236,-0.008903816286195675,0.0355989128714618,5000.0,estimado
56,log_ratio_14d,3565,20679,-0.09305566887751304,-0.11482770472660936,-0.07094941991630042,5000.0,estimado
56,n_evaluaciones_entregadas,3998,22508,-0.1302327345474763,-0.14790407927850358,-0.1118125434938211,5000.0,estimado
56,proporcion_programadas_entregadas,3836,20263,-0.1996047465917039,-0.21784732399197926,-0.18172218361909648,5000.0,estimado
