corte,variable,B,validas,inferior,superior,cambio_max_frente_5000,tolerancia,dentro_tolerancia
7,total_clics,2000,2000,-0.1948204812354161,-0.1638867332780849,0.0001972070698386,0.005,True
7,proporcion_dias_activos,2000,2000,-0.1783427747068966,-0.1478654855820449,0.0003477606013421,0.005,True
7,promedio_clics_por_dia_activo,2000,2000,-0.1364073363938453,-0.0996153822815704,7.691235478438085e-05,0.005,True
7,coef_variacion_clics,2000,2000,0.0923946086849737,0.1271000197470072,0.0003333218251562,0.005,True
7,cv_intensidad_activa,2000,2000,-0.0302114351738715,0.0125099608134367,0.0004737506409773,0.005,True
7,studied_credits,2000,2000,0.1494982202270778,0.1792648863691044,0.0003578173462361,0.005,True
7,num_of_prev_attempts,2000,2000,0.0178318601947118,0.0378249995588577,0.0003574905923656,0.005,True
7,dias_desde_ultima_interaccion,2000,2000,0.0598960120409016,0.0961144090657839,0.0001675754820271,0.005,True
7,recencia_relativa,2000,2000,0.0598960120409016,0.0961144090657839,0.0001675754820271,0.005,True
7,clics_ultimos_7d,2000,2000,-0.1941413468544061,-0.1633042921237575,0.0005980625640039,0.005,True
7,n_evaluaciones_entregadas,2000,2000,-0.0203472278121748,-0.0128505058848329,0.0001635411544389,0.005,True
14,total_clics,2000,2000,-0.1643912706540752,-0.1302900069456521,0.0003295661043618,0.005,True
14,proporcion_dias_activos,2000,2000,-0.1495378308564797,-0.115258310866505,0.0005648750967032,0.005,True
14,promedio_clics_por_dia_activo,2000,2000,-0.1235750556799364,-0.087861332229772,0.0001733032583746,0.005,True
14,coef_variacion_clics,2000,2000,0.091604804472769,0.12622820124739,0.0006226211674541,0.005,True
14,cv_intensidad_activa,2000,2000,-0.0232746708704405,0.0155455831083287,0.0003807445609602,0.005,True
14,studied_credits,2000,2000,0.1226214754479754,0.1535976235264261,0.0002874432515293,0.005,True
14,num_of_prev_attempts,2000,2000,0.0197794727056361,0.0408315950593615,0.0001590586217017,0.005,True
14,dias_desde_ultima_interaccion,2000,2000,0.0583049700119117,0.0937788914120907,0.0007199123512681,0.005,True
14,recencia_relativa,2000,2000,0.0583049700119117,0.0937788914120907,0.0007199123512681,0.005,True
14,clics_ultimos_7d,2000,2000,-0.15318715745317,-0.1187230141543091,0.0008779182693667,0.005,True
14,log_ratio_7d,2000,2000,-0.0308982106873025,0.0056173674604001,0.0004433478995447,0.005,True
14,n_evaluaciones_entregadas,2000,2000,-0.0715346472582355,-0.0561409632625278,0.0002714711976196,0.005,True
14,proporcion_programadas_entregadas,2000,2000,-0.1907745883928794,-0.0496241290287247,0.0029939438026947,0.005,True
28,total_clics,2000,2000,-0.1243414078917131,-0.0906299663659856,0.0002263569428518,0.005,True
28,proporcion_dias_activos,2000,2000,-0.1380751264973302,-0.1037064786412654,0.000592326327405,0.005,True
28,promedio_clics_por_dia_activo,2000,2000,-0.0697366584737282,-0.0344460514537862,0.000262301625812,0.005,True
28,coef_variacion_clics,2000,2000,0.1084376850062238,0.1444915432398286,0.0005397101767614,0.005,True
28,cv_intensidad_activa,2000,2000,0.0194232529664834,0.0566148568768487,0.0002907880750855,0.005,True
28,studied_credits,2000,2000,0.1147127813329945,0.1473525819589302,0.0004111214773314,0.005,True
28,num_of_prev_attempts,2000,2000,0.0215397317450522,0.0441875919842779,0.0001950994505659,0.005,True
28,dias_desde_ultima_interaccion,2000,2000,0.0866142234718049,0.1224609083203053,0.0008626409367016,0.005,True
28,recencia_relativa,2000,2000,0.0866142234718049,0.1224609083203053,0.0008626409367016,0.005,True
28,clics_ultimos_7d,2000,2000,-0.1303708568504047,-0.0954872562638623,0.0003661120233954,0.005,True
28,log_ratio_7d,2000,2000,-0.0841441978158979,-0.0440534301325283,0.0008017229093627,0.005,True
28,log_ratio_14d,2000,2000,0.0270777326863763,0.0649481056163713,0.0003283947819773,0.005,True
28,n_evaluaciones_entregadas,2000,2000,-0.0773838232365247,-0.0467478370107606,0.00075428409288,0.005,True
28,proporcion_programadas_entregadas,2000,2000,-0.1476473678319079,-0.1209296228015097,0.0001515547797558,0.005,True
42,total_clics,2000,2000,-0.1280709047815559,-0.0927124660664956,0.0001311766317613,0.005,True
42,proporcion_dias_activos,2000,2000,-0.1374166727683627,-0.1026721926391927,0.0004156717650125,0.005,True
42,promedio_clics_por_dia_activo,2000,2000,-0.0816182804831272,-0.0452919039321748,0.000830847071807,0.005,True
42,coef_variacion_clics,2000,2000,0.1107684680684454,0.1459382681538027,0.0006507705676335,0.005,True
42,cv_intensidad_activa,2000,2000,0.0186409408568775,0.0557145782173286,0.000513949062604,0.005,True
42,studied_credits,2000,2000,0.1086280653647295,0.1431937183826135,0.0003322928566738,0.005,True
42,num_of_prev_attempts,2000,2000,0.025153956554428,0.0481588085103374,0.0004059310421501,0.005,True
42,dias_desde_ultima_interaccion,2000,2000,0.1314679296170016,0.1678606950309361,0.0003514702517468,0.005,True
42,recencia_relativa,2000,2000,0.1314679296170016,0.1678606950309361,0.0003514702517468,0.005,True
42,clics_ultimos_7d,2000,2000,-0.1851203678049654,-0.1496004266268815,0.0001051940375557,0.005,True
42,log_ratio_7d,2000,2000,-0.1037484746986339,-0.0605805523416964,0.0002992885184898,0.005,True
42,log_ratio_14d,2000,2000,-0.1524544989755551,-0.113125590104012,0.0003823789643427,0.005,True
42,n_evaluaciones_entregadas,2000,2000,-0.0813181350413801,-0.0486985665464192,0.0006998837823927,0.005,True
42,proporcion_programadas_entregadas,2000,2000,-0.1546257470537422,-0.1261419822655384,0.0003110981767115,0.005,True
56,total_clics,2000,2000,-0.132419989295279,-0.0956351964150968,0.0004850295594458,0.005,True
56,proporcion_dias_activos,2000,2000,-0.1469804573242041,-0.1102206736052653,0.0003630078078784,0.005,True
56,promedio_clics_por_dia_activo,2000,2000,-0.0810069191705857,-0.0419789739228676,0.000397297263048,0.005,True
56,coef_variacion_clics,2000,2000,0.1220832710689221,0.1593232167314584,0.0003511457190103,0.005,True
56,cv_intensidad_activa,2000,2000,0.0252871575399125,0.065177222761559,0.0002582506663267,0.005,True
56,studied_credits,2000,2000,0.1010565784438426,0.1375635126686921,0.0001415777590999,0.005,True
56,num_of_prev_attempts,2000,2000,0.0254273268771204,0.0502700716639042,7.433362792542281e-05,0.005,True
56,dias_desde_ultima_interaccion,2000,2000,0.1429370145706206,0.180771269867648,0.0007144504414448,0.005,True
56,recencia_relativa,2000,2000,0.1429370145706206,0.180771269867648,0.0007144504414448,0.005,True
56,clics_ultimos_7d,2000,2000,-0.1772273640756637,-0.1412565155203109,0.0008146042172446,0.005,True
56,log_ratio_7d,2000,2000,-0.0075917680138266,0.0345680932968323,0.001312048272369,0.005,True
56,log_ratio_14d,2000,2000,-0.115533169523176,-0.0706417495193572,0.0007054647965666,0.005,True
56,n_evaluaciones_entregadas,2000,2000,-0.1478505872473158,-0.1113702298642418,0.0004423136295792,0.005,True
56,proporcion_programadas_entregadas,2000,2000,-0.2178488558369647,-0.1821098508478984,0.0003876672288019,0.005,True
