corte,n,componente,proporcion,acumulada
7,23760,1,0.6822350140444747,0.6822350140444747
7,23760,2,0.19879405944673223,0.881029073491207
7,23760,3,0.0966122707396258,0.9776413442308327
7,23760,4,0.020694290507270324,0.998335634738103
7,23760,5,0.0016643652618969623,1.0
14,25503,1,0.6909843717110806,0.6909843717110806
14,25503,2,0.1809762216132455,0.8719605933243262
14,25503,3,0.099955277156587,0.9719158704809132
14,25503,4,0.025642943596418492,0.9975588140773317
14,25503,5,0.002441185922668287,1.0
28,26312,1,0.7027101693162883,0.7027101693162883
28,26312,2,0.1696472135871038,0.872357382903392
28,26312,3,0.09404660967266484,0.9664039925760569
28,26312,4,0.030439601065308193,0.9968435936413651
28,26312,5,0.0031564063586349855,1.0
42,26087,1,0.7109238536182417,0.7109238536182417
42,26087,2,0.1647427446496535,0.8756665982678953
42,26087,3,0.08913700370593822,0.9648036019738335
42,26087,4,0.031930135766282224,0.9967337377401158
42,26087,5,0.003266262259884386,1.0000000000000002
56,25741,1,0.7031999948442916,0.7031999948442916
56,25741,2,0.16779444365876564,0.8709944385030572
56,25741,3,0.09212304926874092,0.9631174877717982
56,25741,4,0.03340216831864233,0.9965196560904405
56,25741,5,0.0034803439095593587,0.9999999999999998
