,total_clics,proporcion_dias_activos,promedio_clics_por_dia_activo,coef_variacion_clics,cv_intensidad_activa,studied_credits,num_of_prev_attempts,dias_desde_ultima_interaccion,recencia_relativa,clics_ultimos_7d,log_ratio_7d,n_evaluaciones_entregadas,proporcion_programadas_entregadas
total_clics,28054,28054,25503,25503,22779,28054,28054,25503,25503,28054,25332,28054,1289
proporcion_dias_activos,28054,28054,25503,25503,22779,28054,28054,25503,25503,28054,25332,28054,1289
promedio_clics_por_dia_activo,25503,25503,25503,25503,22779,25503,25503,25503,25503,25503,25332,25503,1140
coef_variacion_clics,25503,25503,25503,25503,22779,25503,25503,25503,25503,25503,25332,25503,1140
cv_intensidad_activa,22779,22779,22779,22779,22779,22779,22779,22779,22779,22779,22779,22779,981
studied_credits,28054,28054,25503,25503,22779,28054,28054,25503,25503,28054,25332,28054,1289
num_of_prev_attempts,28054,28054,25503,25503,22779,28054,28054,25503,25503,28054,25332,28054,1289
dias_desde_ultima_interaccion,25503,25503,25503,25503,22779,25503,25503,25503,25503,25503,25332,25503,1140
recencia_relativa,25503,25503,25503,25503,22779,25503,25503,25503,25503,25503,25332,25503,1140
clics_ultimos_7d,28054,28054,25503,25503,22779,28054,28054,25503,25503,28054,25332,28054,1289
log_ratio_7d,25332,25332,25332,25332,22779,25332,25332,25332,25332,25332,25332,25332,1132
n_evaluaciones_entregadas,28054,28054,25503,25503,22779,28054,28054,25503,25503,28054,25332,28054,1289
proporcion_programadas_entregadas,1289,1289,1140,1140,981,1289,1289,1140,1140,1289,1132,1289,1289
