corte,variable,n_original,n_alternativo,efecto_original,efecto_sin_exactos,diferencia
7,total_clics,29076,29076,-0.17903860410975425,-0.1789502727496115,8.833136014274601e-05
7,proporcion_dias_activos,29076,29076,-0.16290675019278644,-0.16290675019278644,0.0
7,recencia_relativa,23760,23760,0.07833462073310149,0.07833462073310149,0.0
7,coef_variacion_clics,23760,23760,0.10927198817541872,0.1086057527586084,-0.0006662354168103235
7,cv_intensidad_activa,18704,18704,-0.008682997256263425,-0.011122966796355271,-0.0024399695400918464
7,log_ratio_7d,0,0,,,
7,log_ratio_14d,0,0,,,
14,total_clics,28054,28054,-0.14700081145141675,-0.14627517006509794,0.0007256413863188094
14,proporcion_dias_activos,28054,28054,-0.1321932185754754,-0.1321932185754754,0.0
14,recencia_relativa,25503,25503,0.07538195941096237,0.07538195941096237,0.0
14,coef_variacion_clics,25503,25503,0.1089429087013074,0.10882439568571001,-0.00011851301559739902
14,cv_intensidad_activa,22779,22779,-0.0040472039042576125,-0.005326458826013902,-0.0012792549217562899
14,log_ratio_7d,25332,25332,-0.012130538550468861,-0.011040781749149797,0.001089756801319064
14,log_ratio_14d,0,0,,,
28,total_clics,27515,27515,-0.10709050090652095,-0.1063542862193172,0.0007362146872037512
28,proporcion_dias_activos,27515,27515,-0.12038840861832056,-0.12038840861832056,0.0
28,recencia_relativa,26312,26312,0.10367179044117836,0.10367179044117836,0.0
28,coef_variacion_clics,26312,26312,0.1261416106283555,0.12662215015316303,0.0004805395248075328
28,cv_intensidad_activa,25227,25227,0.037503923493702684,0.03710347352413823,-0.00040044996956445367
28,log_ratio_7d,24826,24826,-0.06369329504721177,-0.06321680881564828,0.0004764862315634888
28,log_ratio_14d,26265,26265,0.04626375772312308,0.046030526246348735,-0.00023323147677434264
42,total_clics,27005,27005,-0.11061188377891329,-0.10946292428842974,0.0011489594904835476
42,proporcion_dias_activos,27005,27005,-0.12064510108864701,-0.12064510108864701,0.0
42,recencia_relativa,26087,26087,0.15029829931702343,0.15029829931702343,0.0
42,coef_variacion_clics,26087,26087,0.1290640121488713,0.12940284480770914,0.00033883265883782876
42,cv_intensidad_activa,25323,25323,0.03698552526812415,0.036673082442071125,-0.00031244282605302764
42,log_ratio_7d,23181,23181,-0.08183553219389283,-0.08182485672439932,1.0675469493515166e-05
42,log_ratio_14d,25268,25268,-0.13251053829623394,-0.13116940521304454,0.0013411330831893942
56,total_clics,26506,26506,-0.11388537035533941,-0.11250347050191167,0.0013818998534277371
56,proporcion_dias_activos,26506,26506,-0.12866644136000827,-0.12866644136000827,0.0
56,recencia_relativa,25741,25741,0.1622554266173024,0.1622554266173024,0.0
56,coef_variacion_clics,25741,25741,0.1402703345376468,0.14115572196013715,0.0008853874224903358
56,cv_intensidad_activa,25147,25147,0.04538493645936437,0.04611255054699592,0.0007276140876315562
56,log_ratio_7d,22455,22455,0.013379450396779236,0.014227715454162349,0.000848265057383113
56,log_ratio_14d,24244,24244,-0.09305566887751304,-0.09269914726046513,0.0003565216170479113
