id,ubicacion_bitacora,severidad,dictamen_evidencia_correccion
B01,§1.1,Mayor,"**Se confirma la diferencia con A3.1.** El anteproyecto interpreta la fecha como retiro voluntario y prevé explorar la posibilidad de abandono implícito. La versión actual no infiere motivos y mantiene la inactividad como predictor. Registrar expresamente ambas diferencias, además de la restricción temporal de población y evento."
B02,"§1.1, acta",Mayor,**Ratificación pertinente; formato obligatorio no demostrado.** No se encontró una norma que exija específicamente acta firmada para continuar toda actividad. No incorporar «registrados en acta» sin evidencia. Puede prepararse una propuesta de decisión y llevarla al asesor. La exploración de una posibilidad no equivale a un compromiso incondicional de construir una segunda etiqueta.
B03,§1.2 y §3.4.3,Mayor,"**Problema real de dependencia, conclusión excesiva.** El CV con ceros combina frecuencia e intensidad; solo bajo intensidad constante se reduce a una función de la proporción activa. El CV sobre días activos mide otra propiedad. Evaluarlo como alternativa o complemento, con nombre nuevo, sin llamar errónea por definición a la versión actual. Véase la identidad general más adelante."
B04,§2.3,Menor,"**No se reproduce el error en la fuente actual.** `descripcion.tex:180` contiene una estimación de Pr(Y=1 dado X=x), no de la clase predicha. Marcar la observación como no aplicable a esa versión, verificando el PDF concreto si el asesor revisó otro archivo."
B05,§2.1–2.2,Mayor,"**Aceptar con ajuste.** La tabla de símbolos y las definiciones mejoran la lectura. En la comparación de costes, pi debe representar probabilidad individual condicional, no prevalencia marginal. Usar p(x), pi(t) para prevalencia y p_nodo para el nodo. Distinguir también tamaño muestral n y longitud de ventana n_t."
B06,§3.1,Mayor,"**Aceptar con ajuste.** No todos los predictores proceden de [0,t]: existen antecedentes preinicio y contexto. Escribir «indicadores de la ventana principal». Expresar explícitamente «u ausente o u>t», en vez de negar una desigualdad sobre un valor no definido. L se utiliza como final según la convención operativa; el campo fuente se denomina longitud de presentación."
B07,§3.2,Mayor,**Reconciliar con el diccionario existente.** Los nombres propuestos difieren del código. `clics_pre_inicio` y `n_entregas_pre_inicio` ya existen; `dias_activos_previos` no figura entre los 26 candidatos. El número de filas VLE sí es candidato. No introducir el diccionario reconstruido como si describiera la ejecución actual.
B08,"§3.2, diversidad",Menor,"**Pendiente documental confirmado.** Enumerar seis familias derivables no obliga a construirlas todas, pero el documento debe explicar la selección de las cinco implementadas y el tratamiento de diversidad. Construirla o justificar expresamente su ausencia; no cerrar el hallazgo con la mera distinción entre marco teórico e implementación. No atribuir una decisión histórica sin registro ni afirmar que la dependencia del diseño obliga por sí sola a excluirla."
B09,§3.4.1–3.4.2,Mayor,"**Corregir antes de incorporar.** Con +1, caídas de 200 a 100 y de 20 a 10 no producen el mismo valor. La simetría exacta se obtiene al intercambiar los bloques: T(a,b)=-T(b,a). El suavizado pierde invariancia de escala. El intervalo propuesto depende de los propios valores observados y no es un rango global fijo."
B10,"§3.4.4, V10",Mayor,"**Aceptar sensibilidad del PCA; rechazar demostración propuesta.** V=nqm es exacta, pero el PCA utiliza q, no log(q). No se deduce dependencia lineal entre sus columnas ni que tres variables sean funciones de las otras dos. La redundancia influye en la estructura; no demuestra por sí sola que toda la varianza resumida sea un artefacto. Comparar conjuntos documentados, no invalidar automáticamente el PCA descriptivo."
B11,§3.4.5,Menor,"**Aceptar con límites.** La equivalencia r=2AUC-1 se refiere al indicador como puntuación, casos observados y empates tratados consistentemente. No constituye una evaluación predictiva independiente. Para r=-0,179, AUC=0,4105 y 0,5895 al invertir el signo; declarar la precisión del redondeo."
B12,§3.4.6,Mayor,"**Aceptar fórmula; retirar afirmación general.** La V de Cramér no aumenta necesariamente con el desbalance categórico. Puede ser cero bajo independencia con márgenes muy distintos. Mantener limitaciones de tamaños de celda, dimensiones y ausencia de ajuste por otros atributos."
B13,§3.4.7–3.4.8,Mayor,"**Aceptar con precisión.** El umbral de costes exige probabilidades pertinentes y costes definidos; calibración no equivale automáticamente a conocer la probabilidad condicional verdadera. AP y área trapezoidal PR son resúmenes distintos. Restar prevalencia puede describir una ganancia, pero no hace comparables poblaciones, horizontes o tareas diferentes."
B14,§4.1–4.6,Mayor,**Figuras útiles con correcciones.** En la línea temporal debe indicarse L>=40 para el caso positivo. Las barras de exclusiones necesitan categorías mutuamente excluyentes: los 2.678 retiros preinicio de toda la fuente se solapan con filtros de matrícula. Los flujos exportados no desglosan por sí solos preinicio frente a 0..t; ese desglose requiere cruzar la base.
B15,§4.7–4.8,Menor,**No se confirma eje categórico.** Los notebooks 02 y 03 grafican directamente valores numéricos de corte. Se propone mejorar rótulos y explicitar poblaciones cambiantes. Añadir eventos e índices base 100 es útil; ejes truncados en líneas no constituyen por sí solos un error. No atribuir a la caída del denominador una reducción mecánica de prevalencia.
B16,"§5, corrección 2",Mayor,"**Resolver el uso predictivo del conteo de filas antes de modelar.** `n_registros_vle` cuenta filas originales por inscripción en 0..t, no sesiones ni interacciones educativas independientes. Su VIF al día 28 es 10,929 en la especificación de cuatro indicadores. La procedencia de las repeticiones no está verificada. «Ningún indicador cuenta filas» no describe el código actual, pero señalarlo no resuelve el defecto: retirar el candidato o justificar y documentar su medición, sensibilidad y uso. Se recomienda conservarlo para auditoría y excluirlo del conjunto predictivo principal en la siguiente versión."
B17,"§5, correcciones 1, 3, 8, 9, 11",Menor,"**Aceptar edición pertinente.** Usar «capítulo», trasladar historia de versiones al anexo, precisar el alcance de equidad y los denominadores del resumen. Unificar formato numérico sin instalar una dependencia solo por preferencia tipográfica. El registro histórico se conserva."
B18,"§5, correcciones 4 y 7",Menor,"**Aceptar con evidencia.** Reportar los pesos por tipo, sin imponer 200 como regla. Justificar que una entrega previa puede satisfacer una evaluación programada al corte mientras el conteo de actividad actual usa 0..t: son indicadores distintos, no una incoherencia automática."
B19,"§5, corrección 12; bloque D",Mayor,"**Pendiente de publicación confirmado.** El cálculo de región, discapacidad, edad e IMD y su exportación no subsanan su ausencia de la exposición del trabajo de grado. Publicar resultados, denominadores e interpretación en el capítulo o anexo con remisión explícita; revisar además créditos e intentos previos. La comprobación de ejecución sirve para reutilizar evidencia, no para rechazar el hallazgo documental."
B20,§6.1,Mayor,"**No incorporar el texto propuesto.** Los primeros cortes matemáticamente posibles para las tendencias son 13 y 27, no 14 y 28; estos últimos son los primeros de la rejilla elegida. El corte 14 ya tiene señal académica. La duración es 234–269 días: 56 cabe en el primer cuarto, pero ello no prueba optimalidad ni una curva continua de desempeño."
B21,"§6.1, independencia del desenlace",Mayor,"**Evitar reconstruir retrospectivamente una preespecificación.** Existe registro de adopción antes de comparar modelos, pero también exploración previa del desenlace. Los hallazgos de disponibilidad sustentan la pertinencia de la rejilla; no prueban que esa fuera exactamente la razón histórica de selección ni que se fijara a ciegas."
B22,§6.2–6.3,Menor,**Aceptar con límites ya documentados.** Retiro registrado no identifica voluntariedad ni permanencia institucional. La secuencia de preparación y modelado debe exponerse sin presentar la corrección bibliográfica completa como requisito para comenzar una línea base.
B23,V12,Mayor,"**Ampliación razonable, cierre no automático.** B=500 no demuestra por sí solo que los intervalos concretos sean inestables. Aumentar repeticiones y estudiar estabilidad de extremos; B>=2.000 es un punto de partida, no garantía universal. Mantener remuestreo por persona y distinguir error Monte Carlo de incertidumbre muestral."
B24,§8–§9,Menor,"**Revisión bibliográfica y anotaciones parciales.** Confirmar edición, tipo de entrada y pasaje citado; no basta el recuerdo de páginas. No se han verificado visualmente las marcas manuscritas de un PDF anotado en esta entrega. No eliminarlas ni presumirlas presentes en la fuente actual."
