code_module,code_presentation,grupo,n,peso
AAA,2013J,Continua,5,100.0
AAA,2013J,Exam,1,100.0
AAA,2014J,Continua,5,100.0
AAA,2014J,Exam,1,100.0
BBB,2013B,Continua,11,100.0
BBB,2013B,Exam,1,100.0
BBB,2013J,Continua,11,100.0
BBB,2013J,Exam,1,100.0
BBB,2014B,Continua,11,100.0
BBB,2014B,Exam,1,100.0
BBB,2014J,Continua,5,100.0
BBB,2014J,Exam,1,100.0
CCC,2014B,Continua,8,100.0
CCC,2014B,Exam,2,200.0
CCC,2014J,Continua,8,100.0
CCC,2014J,Exam,2,200.0
DDD,2013B,Continua,13,100.0
DDD,2013B,Exam,1,100.0
DDD,2013J,Continua,6,100.0
DDD,2013J,Exam,1,100.0
DDD,2014B,Continua,6,100.0
DDD,2014B,Exam,1,100.0
DDD,2014J,Continua,6,100.0
DDD,2014J,Exam,1,100.0
EEE,2013J,Continua,4,100.0
EEE,2013J,Exam,1,100.0
EEE,2014B,Continua,4,100.0
EEE,2014B,Exam,1,100.0
EEE,2014J,Continua,4,100.0
EEE,2014J,Exam,1,100.0
FFF,2013B,Continua,12,100.0
FFF,2013B,Exam,1,100.0
FFF,2013J,Continua,12,100.0
FFF,2013J,Exam,1,100.0
FFF,2014B,Continua,12,100.0
FFF,2014B,Exam,1,100.0
FFF,2014J,Continua,12,100.0
FFF,2014J,Exam,1,100.0
GGG,2013J,Continua,9,0.0
GGG,2013J,Exam,1,100.0
GGG,2014B,Continua,9,0.0
GGG,2014B,Exam,1,100.0
GGG,2014J,Continua,9,0.0
GGG,2014J,Exam,1,100.0
