code_module,code_presentation,inscripciones,personas,retiros,tasa
AAA,2013J,369,369,47,0.12737127371273713
AAA,2014J,348,348,49,0.14080459770114942
BBB,2013B,1528,1528,268,0.17539267015706805
BBB,2013J,1834,1834,245,0.13358778625954199
BBB,2014B,1280,1280,158,0.1234375
BBB,2014J,1786,1786,231,0.12933930571108623
CCC,2014B,1498,1498,460,0.30707610146862485
CCC,2014J,2018,2018,570,0.28245787908820613
DDD,2013B,1141,1141,273,0.2392638036809816
DDD,2013J,1644,1644,391,0.23783454987834549
DDD,2014B,1028,1028,291,0.2830739299610895
DDD,2014J,1463,1463,291,0.19890635680109364
EEE,2013J,926,926,117,0.1263498920086393
EEE,2014B,605,605,84,0.13884297520661157
EEE,2014J,1020,1020,135,0.1323529411764706
FFF,2013B,1449,1449,247,0.1704623878536922
FFF,2013J,1982,1982,375,0.18920282542885974
FFF,2014B,1301,1301,263,0.202152190622598
FFF,2014J,1858,1858,325,0.17491926803013993
GGG,2013J,924,924,37,0.04004329004329004
GGG,2014B,796,796,63,0.07914572864321608
GGG,2014J,717,717,92,0.12831241283124128
