variable,nivel,n,retiros,tasa
gender,F,12351,2095,0.16962189296413246
gender,M,15164,2917,0.19236349248219467
age_band,0-35,19166,3550,0.1852238338724825
age_band,35-55,8156,1431,0.17545365375183913
age_band,55<=,193,31,0.16062176165803108
highest_education,A Level or Equivalent,12033,1996,0.1658771711127732
highest_education,HE Qualification,4145,692,0.1669481302774427
highest_education,Lower Than A Level,10789,2214,0.20520900917601262
highest_education,No Formal quals,260,62,0.23846153846153847
highest_education,Post Graduate Qualification,288,48,0.16666666666666666
imd_band,0-10%,2646,560,0.21164021164021163
imd_band,10-20,2823,541,0.1916400991852639
imd_band,20-30%,2979,640,0.21483719368915744
imd_band,30-40%,2997,541,0.18051384718051386
imd_band,40-50%,2714,493,0.18165070007369197
imd_band,50-60%,2688,462,0.171875
imd_band,60-70%,2509,458,0.18254284575528099
imd_band,70-80%,2515,426,0.16938369781312126
imd_band,80-90%,2377,385,0.16196886832141355
imd_band,90-100%,2240,354,0.15803571428571428
imd_band,No disponible,1027,152,0.14800389483933787
disability,N,24908,4335,0.17404046892564637
disability,Y,2607,677,0.2596854622171078
region,East Anglian Region,2803,469,0.1673207277916518
region,East Midlands Region,1922,372,0.1935483870967742
region,Ireland,1105,192,0.17375565610859728
region,London Region,2572,460,0.17884914463452567
region,North Region,1530,283,0.18496732026143792
region,North Western Region,2331,452,0.19390819390819392
region,Scotland,3160,610,0.1930379746835443
region,South East Region,1767,303,0.17147707979626486
region,South Region,2622,447,0.17048054919908467
region,South West Region,2051,369,0.17991223793271574
region,Wales,1910,343,0.17958115183246073
region,West Midlands Region,2088,413,0.1977969348659004
region,Yorkshire Region,1654,299,0.1807738814993954
code_module,AAA,717,96,0.13389121338912133
code_module,BBB,6428,902,0.1403235843186061
code_module,CCC,3516,1030,0.29294653014789535
code_module,DDD,5276,1246,0.23616376042456405
code_module,EEE,2551,336,0.13171305370442962
code_module,FFF,6590,1210,0.18361153262518967
code_module,GGG,2437,192,0.07878539187525646
code_presentation,2013B,4118,788,0.1913550267119961
code_presentation,2013J,7679,1212,0.15783305117853888
code_presentation,2014B,6508,1319,0.20267363245236633
code_presentation,2014J,9210,1693,0.18382193268186753
