variable,n,faltantes,ceros_pct,media,q1,mediana,q3,min,max,asimetria,curtosis_exceso
total_clics,27515,0,4.444848264582955,276.3433036525532,67.0,176.0,370.0,0.0,6084.0,3.4508552813315236,23.697096426867645
dias_activos,27515,0,4.444848264582955,10.663965109940033,5.0,10.0,16.0,0.0,28.0,0.5162631388469321,-0.5886469207204028
n_registros_vle,27515,0,4.444848264582955,74.84699254951845,26.0,58.0,106.0,0.0,589.0,1.4993521612279292,3.097611763437871
promedio_clics_por_dia_activo,26292,1223,0.0,22.632015799761703,12.0,19.133333333333333,29.353991596638654,1.0,274.6666666666667,2.2277424872079923,12.051567660271477
coef_variacion_clics,26292,1223,0.0,2.3705491173115756,1.5446025891677235,2.1416099014255865,2.9518592600995635,0.25788003978500335,5.291502622129183,0.9300134204641881,0.3922813647120065
semanas_activas,27515,0,4.444848264582955,3.2439760130837727,3.0,4.0,4.0,0.0,4.0,-1.4664785798354323,1.1551026435250593
dias_desde_ultima_interaccion,26292,1223,33.223033622394645,3.347063745626046,0.0,1.0,4.0,0.0,27.0,2.306006301156916,5.681001209387061
log_ratio_actividad,26292,1223,0.5667123079263654,0.08217768070099861,-0.7091906513811764,0.02867616849704964,0.8177099032017076,-6.704414354964107,6.74993119378857,0.22622954344116292,1.60038560318976
clics_pre_inicio,27515,0,19.800109031437398,74.78622569507542,3.0,27.0,88.0,0.0,3731.0,5.264477507928304,55.067225896779526
n_evaluaciones_entregadas,27515,0,28.33727057968381,0.831182991095766,0.0,1.0,1.0,0.0,4.0,0.5564657125071786,1.0788773801886657
proporcion_programadas_entregadas,22527,4988,13.237448395259023,0.8648288720202424,1.0,1.0,1.0,0.0,1.0,-2.1341123637740993,2.580556892323599
