variable,n_retiro,n_sin_retiro,mediana_retiro,mediana_sin_retiro,r_biserial,IC95_inferior,IC95_superior,remuestras_validas
proporcion_programadas_entregadas,4484,18043,1.0,1.0,-0.13799194045466667,-0.15101341477933244,-0.12483779489039322,500
dias_activos,5012,22503,8.0,10.0,-0.11935986791722974,-0.13626062815867462,-0.10296236470486367,500
n_registros_vle,5012,22503,48.0,60.0,-0.10796341812578758,-0.12460136486853815,-0.09116868414751712,500
total_clics,5012,22503,143.0,184.0,-0.10652239362675742,-0.12245472103395529,-0.08949402444621038,500
clics_pre_inicio,5012,22503,20.0,29.0,-0.08476735335705354,-0.10299671778320812,-0.06564231902052074,500
semanas_activas,5012,22503,4.0,4.0,-0.08242207769477505,-0.09697525570758661,-0.06523244067634781,500
n_evaluaciones_entregadas,5012,22503,1.0,1.0,-0.06135842347029086,-0.07620052772234485,-0.046715827851115645,500
promedio_clics_por_dia_activo,4753,21539,18.1,19.4,-0.052917040663896575,-0.07005868804702786,-0.03427688136543143,500
log_ratio_actividad,4753,21539,0.10432905605116408,0.015504186535965254,0.04304114016577909,0.02146142569654983,0.061990171092322854,500
dias_desde_ultima_interaccion,4753,21539,2.0,1.0,0.10533028580149462,0.08781557911149063,0.12310923041388731,500
coef_variacion_clics,4753,21539,2.3340911935333533,2.1007978539660037,0.12468012290555652,0.10682749689593254,0.14315974037433377,500
